{
    "loss": 4.597230434417725,
    "accuracy": 0.5035971403121948
}